{
    "_version": 1,
    "paths": [
        [
            {
                "s": {
                    "x": -70.94804382324219,
                    "y": -604.8202514648438,
                    "z": -4.705589771270752
                },
                "c1": {
                    "x": -39.351436614990234,
                    "y": -243.01828002929688,
                    "z": -4.705615520477295
                },
                "c2": {
                    "x": -157.45181274414062,
                    "y": -193.22901916503906,
                    "z": -4.7055768966674805
                },
                "e": {
                    "x": -177.84190368652344,
                    "y": -136.91835021972656,
                    "z": -4.7055768966674805
                }
            },
            {
                "s": {
                    "x": -177.84190368652344,
                    "y": -136.91835021972656,
                    "z": -4.7055768966674805
                },
                "c1": {
                    "x": -198.2319793701172,
                    "y": -80.60770416259766,
                    "z": -4.7055768966674805
                },
                "c2": {
                    "x": -208.86570739746094,
                    "y": -42.64577865600586,
                    "z": -4.705589771270752
                },
                "e": {
                    "x": -194.72775268554688,
                    "y": 15.551484107971191,
                    "z": -4.705593109130859
                }
            },
            {
                "s": {
                    "x": -194.72775268554688,
                    "y": 15.551484107971191,
                    "z": -4.705593109130859
                },
                "c1": {
                    "x": -180.66806030273438,
                    "y": 73.42658233642578,
                    "z": -4.705595970153809
                },
                "c2": {
                    "x": -160.10740661621094,
                    "y": 110.00491333007812,
                    "z": -4.705570697784424
                },
                "e": {
                    "x": -110.24297332763672,
                    "y": 142.57391357421875,
                    "z": -4.7055768966674805
                }
            },
            {
                "s": {
                    "x": -110.24297332763672,
                    "y": 142.57391357421875,
                    "z": -4.7055768966674805
                },
                "c1": {
                    "x": -66.64437866210938,
                    "y": 171.05038452148438,
                    "z": -4.705582618713379
                },
                "c2": {
                    "x": -29.354248046875,
                    "y": 178.2962188720703,
                    "z": -4.705595970153809
                },
                "e": {
                    "x": 21.142375946044922,
                    "y": 165.57467651367188,
                    "z": -4.705595970153809
                }
            },
            {
                "s": {
                    "x": 21.142375946044922,
                    "y": 165.57467651367188,
                    "z": -4.705595970153809
                },
                "c1": {
                    "x": 65.271484375,
                    "y": 154.457275390625,
                    "z": -4.705595970153809
                },
                "c2": {
                    "x": 90.97132873535156,
                    "y": 133.44212341308594,
                    "z": -4.705599308013916
                },
                "e": {
                    "x": 112.73224639892578,
                    "y": 93.47420501708984,
                    "z": -4.705595970153809
                }
            },
            {
                "s": {
                    "x": 112.73224639892578,
                    "y": 93.47420501708984,
                    "z": -4.705595970153809
                },
                "c1": {
                    "x": 132.7102813720703,
                    "y": 56.78086471557617,
                    "z": -4.705593109130859
                },
                "c2": {
                    "x": 134.1358642578125,
                    "y": 27.108461380004883,
                    "z": -4.705593585968018
                },
                "e": {
                    "x": 122.69752502441406,
                    "y": -13.074716567993164,
                    "z": -4.705588340759277
                }
            },
            {
                "s": {
                    "x": 122.69752502441406,
                    "y": -13.074716567993164,
                    "z": -4.705588340759277
                },
                "c1": {
                    "x": 113.11100006103516,
                    "y": -46.75241470336914,
                    "z": -4.705583095550537
                },
                "c2": {
                    "x": 98.62543487548828,
                    "y": -66.6241226196289,
                    "z": -4.705593109130859
                },
                "e": {
                    "x": 68.5693359375,
                    "y": -84.5885238647461,
                    "z": -4.705593109130859
                }
            },
            {
                "s": {
                    "x": 68.5693359375,
                    "y": -84.5885238647461,
                    "z": -4.705593109130859
                },
                "c1": {
                    "x": 41.26801681518555,
                    "y": -100.9063949584961,
                    "z": -4.705593109130859
                },
                "c2": {
                    "x": 18.863122940063477,
                    "y": -105.10022735595703,
                    "z": -4.705583095550537
                },
                "e": {
                    "x": -11.928079605102539,
                    "y": -97.12921142578125,
                    "z": -4.705589771270752
                }
            },
            {
                "s": {
                    "x": -11.928079605102539,
                    "y": -97.12921142578125,
                    "z": -4.705589771270752
                },
                "c1": {
                    "x": -39.4218635559082,
                    "y": -90.01181030273438,
                    "z": -4.70559549331665
                },
                "c2": {
                    "x": -57.29124069213867,
                    "y": -78.17752075195312,
                    "z": -4.705588340759277
                },
                "e": {
                    "x": -69.34297943115234,
                    "y": -52.46135330200195,
                    "z": -4.705589771270752
                }
            },
            {
                "s": {
                    "x": -69.34297943115234,
                    "y": -52.46135330200195,
                    "z": -4.705589771270752
                },
                "c1": {
                    "x": -80.11134338378906,
                    "y": -29.483680725097656,
                    "z": -4.705591201782227
                },
                "c2": {
                    "x": -75.41979217529297,
                    "y": -7.311532974243164,
                    "z": -4.705589771270752
                },
                "e": {
                    "x": -67.19036865234375,
                    "y": 12.500565528869629,
                    "z": -4.7055864334106445
                }
            },
            {
                "s": {
                    "x": -67.19036865234375,
                    "y": 12.500565528869629,
                    "z": -4.7055864334106445
                },
                "c1": {
                    "x": -58.960941314697266,
                    "y": 32.312660217285156,
                    "z": -4.705583095550537
                },
                "c2": {
                    "x": -14.546154022216797,
                    "y": 61.35719299316406,
                    "z": -4.705589771270752
                },
                "e": {
                    "x": -1.0972139835357666,