{
    "_version": 1,
    "paths": [
        [
            {
                "rot": {
                    "x": -0.30450,
                    "y": 0.275662,
                    "z": 0.611860,
                    "w": 0.6759723
                },
                "rot_e": {
                    "x": 0.141418,
                    "y": -0.15007,
                    "z": 0.712131,
                    "w": 0.6710799
                },
                "s": {
                    "x": 2.86,
                    "y": 25.80,
                    "z": 12.00
                },
                "c1": {
                    "x": -3.45,
                    "y": 28.96,
                    "z": 12.04
                },
                "c2": {
                    "x": -13.84,
                    "y": 9.95,
                    "z": 1.74
                },
                "e": {
                    "x": -14.07,
                    "y": 2.20,
                    "z": 2.12
                },
                "time": 4.0
            },
            {
                "rot": {
                    "x": 0.141418,
                    "y": -0.15007,
                    "z": 0.712131,
                    "w": 0.6710799
                },
                "rot_e": {
                    "x": 0.38337,
                    "y": -0.382710,
                    "z": 0.593852,
                    "w": 0.5948849
                },
                "s": {
                    "x": -14.07,
                    "y": 2.20,
                    "z": 2.12
                },
                "c1": {
                    "x": -14.31,
                    "y": -5.54,
                    "z": 2.48
                },
                "c2": {
                    "x": -11.46,
                    "y": -7.74,
                    "z": 1.13
                },
                "e": {
                    "x": -8.88,
                    "y": -9.17,
                    "z": 1.41
                },
                "time": 3.0
            },
            {
                "rot": {
                    "x": 0.38337,
                    "y": -0.382710,
                    "z": 0.593852,
                    "w": 0.5948849
                },
                "rot_e": {
                    "x": 0.341726,
                    "y": -0.374238,
                    "z": 0.636601,
                    "w": 0.581297
                },
                "s": {
                    "x": -8.88,
                    "y": -9.17,
                    "z": 1.41
                },
                "c1": {
                    "x": -6.30,
                    "y": -10.59,
                    "z": 0.94
                },
                "c2": {
                    "x": 50.59,
                    "y": -30.63,
                    "z": 1.80
                },
                "e": {
                    "x": 54.51,
                    "y": -35.18,
                    "z": 1.14
                },
                "time": 3.0
            },
            {
                "rot": {
                    "x": 0.341726,
                    "y": -0.374238,
                    "z": 0.636601,
                    "w": 0.581297
                },
                "rot_e": {
                    "x": -0.536079,
                    "y": 0.5606119,
                    "z": -0.4617242,
                    "w": -0.4370127
                },
                "s": {
                    "x": 54.51,
                    "y": -35.18,
                    "z": 1.14
                },
                "c1": {
                    "x": 58.43,
                    "y": -39.73,
                    "z": 0.47
                },
                "c2": {
                    "x": 54.23,
                    "y": -46.38,
                    "z": 3.83
                },
                "e": {
                    "x": 64.29,
                    "y": -52.73,
                    "z": 3.83
                },
                "time": 3.0
            },
            {
                "rot": {
                    "x": -0.536079,
                    "y": 0.5606119,
                    "z": -0.4617242,
                    "w": -0.4370127
                },
                "rot_e": {
                    "x": 0.7877,
                    "y": -0.4515774,
                    "z": -0.208418,
                    "w": -0.363549
                },
                "s": {
                    "x": 64.29,
                    "y": -52.73,
                    "z": 3.83
                },
                "c1": {
                    "x": 74.34,
                    "y": -58.95,
                    "z": 3.83
                },
                "c2": {
                    "x": 80.60,
                    "y": -53.08,
                    "z": 8.85
                },
                "e": {
                    "x": 84.23,
                    "y": -45.45,
                    "z": 10.64
                },
                "time": 3.0
            },
            {
                "rot": {
                    "x": 0.7877,
                    "y": -0.4515774,
                    "z": -0.208418,
                    "w": -0.363549
                },
                "rot_e": {
                    "x": -0.1558,
                    "y": 0.0928755,
                    "z": 0.503549,
                    "w": 0.8447122
                },
                "s": {
                    "x": 84.23,
                    "y": -45.45,
                    "z": 10.64
                },
                "c1": {
                    "x": 87.93,
                    "y": -37.94,
                    "z": 12.49
                },
                "c2": {
                    "x": 84.22,
                    "y": -26.02,
                    "z": 14.57
                },
                "e": {
                    "x": 72.97,
                    "y": -25.84,
                    "z": 10.65
                },
                "time": 3.0
            },
            {
                "rot": {
                    "x": -0.1558,
                    "y": 0.0928755,
                    "z": 0.503549,
                    "w": 0.8447122
                },
                "rot_e": {
                    "x": 0.604737,
                    "y": -0.585519,
                    "z": -0.3755327,
                    "w": -0.3878583
                },
                "s": {
                    "x": 72.97,
                    "y": -25.84,
                    "z": 10.65
                },
                "c1": {
                    "x": 61.71,
                    "y": -25.67,
                    "z": 6.73
                },
                "c2": {
                    "x": 62.31,
                    "y": -34.58,
                    "z": 4.07
                },
                "e": {
                    "x": 51.06,
                    "y": -30.80,
                    "z": 3.04
                },
                "time": 3.0
            },
            {
                "rot": {
                    "x": 0.604737,
                    "y": -0.585519,
                    "z": -0.3755327,
                    "w": -0.3878583
                },
                "rot_e": {
                    "x": -0.646975,
                    "y": 0.756841,
                    "z": -0.0705465,
                    "w": -0.0603057
                },
                "s": {
                    "x": 51.06,
                    "y": -30.80,
                    "z": 3.04
                },
                "c1": {
                    "x": 39.80,
                    "y": -27.02,
                    "z": 2.00
                },
                "c2": {
                    "x": -0.32,
                    "y": -14.83,
                    "z": 3.63
                },
                "e": {
                    "x": -7.36,
                    "y": -5.53,
                    "z": 3.97
                },
                "time": 3.0
            },
            {
                "rot": {
                    "x": -0.646975,
                    "y": 0.756841,