{
    "_version": 1,
    "paths": [
        [
            {
                "rot": {"x" : -0.16593087, "y" : 0.1617839, "z" : 0.6790978, "w" : 0.6965049 },
                "rot_e": {"x" : -0.41511545, "y" : 0.37574425,  "z" : 0.5560185, "w" : 0.61427915 },
                "s": { "x": 2.4798026084899902, "y": 6.083414077758789, "z": 5.1841607093811035 },
                "c1": { "x": 4.276763439178467, "y": 5.070558547973633, "z": 5.789746284484863 },
                "c2": { "x": 4.952115535736084, "y": 1.9009952545166016, "z": 6.059970378875732 },
                "e": { "x": 5.050297260284424, "y": 1.0760164260864258, "z": 6.142827033996582 },
                "time": 3.0
            },
            {
                "rot": {"x" : -0.41511545, "y" : 0.37574425,  "z" : 0.5560185, "w" : 0.61427915 },
                "rot_e": {"x" : -0.08280263, "y" : 0.07782489,  "z" : 0.68042904, "w" : 0.7239498 },
                "s": { "x": 5.050297260284424, "y": 1.0760164260864258, "z": 6.142827033996582 },
                "c1": { "x": 5.205385684967041, "y": -0.2271265983581543, "z": 6.273707866668701 },
                "c2": { "x": 3.8612542152404785, "y": -2.563617706298828, "z": 5.878730773925781 },
                "e": { "x": 1.210508108139038, "y": -3.465146064758301, "z": 5.156652450561523 },
                "time": 3.0
            },
            {
                "rot": {"x" : -0.08280263, "y" : 0.07782489,  "z" : 0.68042904, "w" : 0.7239498 },
                "rot_e": {"x" : -0.32186687, "y" : 0.31685042,  "z" : 0.6259013, "w" : 0.6358107 },
                "s": { "x": 1.210508108139038, "y": -3.465146064758301, "z": 5.156652450561523 },
                "c1": { "x": -1.9023317098617554, "y": -4.523834228515625, "z": 4.30869722366333 },
                "c2": { "x": -0.8305928707122803, "y": -13.933124542236328, "z": 4.195556640625 },
                "e": { "x": -0.6486443281173706, "y": -17.602787017822266, "z": 4.292917251586914 },
                "time": 3.0
            },
            {
                "rot": {"x" : -0.32186687, "y" : 0.31685042,  "z" : 0.6259013, "w" : 0.6358107 },
                "rot_e": {"x" : -0.029082127, "y" : 0.024381187,  "z" : 0.64199054, "w" : 0.76577276 },
                "s": { "x": -0.6486443281173706, "y": -17.602787017822266, "z": 4.292917251586914 },
                "c1": { "x": -0.4891918897628784, "y": -20.81873321533203, "z": 4.378240585327148 },
                "c2": { "x": -4.3610334396362305, "y": -17.963037490844727, "z": 3.433352470397949 },
                "e": { "x": -4.505032539367676, "y": -19.799821853637695, "z": 3.9408464431762695 },
                "time": 3.0
            },
            {
                "rot": {"x" : -0.029082127, "y" : 0.024381187,  "z" : 0.64199054, "w" : 0.76577276 },
                "rot_e": {"x" : 0.15731344, "y" : -0.16375862,  "z" : 0.7023169, "w" : 0.67467517 },
                "s": { "x": -4.505032539367676, "y": -19.799821853637695, "z": 3.9408464431762695 },
                "c1": { "x": -4.631227493286133, "y": -21.409503936767578, "z": 4.385593414306641 },
                "c2": { "x": -6.65720272064209, "y": -22.754419326782227, "z": 1.3773155212402344 },
                "e": { "x": -6.475254535675049, "y": -26.424081802368164, "z": 1.4746766090393066 },
                "time": 3.0
            },
            {
                "rot": {"x" : 0.15731344, "y" : -0.16375862,  "z" : 0.7023169, "w" : 0.67467517 },
                "rot_e": {"x" : 0.27574286, "y" : -0.30867258,  "z" : 0.6788883, "w" : 0.60646343 },
                "s": { "x": -6.475254535675049, "y": -26.424081802368164, "z": 1.4746766090393066 },
                "c1": { "x": -6.315802574157715, "y": -29.64002799987793, "z": 1.559999942779541 },
                "c2": { "x": -6.926572322845459, "y": -36.91935729980469, "z": 1.032327651977539 },
                "e": { "x": -5.302084922790527, "y": -38.81053924560547, "z": 0.8748035430908203 },
                "time": 3.0
            },
            {
                "rot": {"x" : 0.27574286, "y" : -0.30867258,  "z" : 0.6788883, "w" : 0.60646343 },
                "rot_e": {"x" : -0.037190586, "y" : 0.039259262,  "z" : 0.7249125, "w" : 0.68671495 },
                "s": { "x": -5.302084922790527, "y": -38.81053924560547, "z": 0.8748035430908203 },
                "c1": { "x": -3.207465648651123, "y": -41.24903869628906, "z": 0.6716914176940918 },
                "c2": { "x": -1.1118274927139282, "y": -45.27880096435547, "z": 2.0098628997802734 },
                "e": { "x": -0.5176535844802856, "y": -48.413848876953125, "z": 1.5700116157531738 },
                "time": 3.0
            },
            {
                "rot": {"x" : -0.037190586, "y" : 0.039259262,  "z" : 0.7249125, "w" : 0.68671495 },
                "rot_e": {"x" : -0.6878115, "y" : 0.72227305,  "z" : -0.052405953, "w" : -0.04990552 },
                "s": { "x": -0.5176535844802856, "y": -48.413848876953125, "z": 1.5700116157531738 },
                "c1": { "x": 0.07652032375335693, "y": -51.54889678955078, "z": 1.1301603317260742 },
                "c2": { "x": -2.591785430908203, "y": -67.40827941894531, "z": 1.9507555961608887 },
                "e": { "x": 0.6138465404510498, "y": -67.22695922851562, "z": 1.693695068359375 },
                "time": 3.0
            },
            {
                "rot": {"x" : -0.6878115, "y" : 0.72227305,  "z" : -0.052405953, "w" : -0.04990552 },
                "rot_e": {"x" : -0.6878115, "y" : 0.72227305,  "z" : -0.052405905, "w" : -0.04990548 },
                "s": { "x": 0.6138465404510498, "y": -67.22695922851562, "z": 1.693695068359375 },
                "c1": { "x": 3.8194785118103027, "y": -67.04563903808594, "z": 1.4366345405578613 },
                "c2": { "x": 0.32717013359069824, "y": -53.706153869628906, "z": 1.6508102416992188 },
                "e": { "x": 0.92507004737854, "y": -48.980262756347656, "z": 1.2694287300109863 },
                "time": 3.0
            },
            {
                "rot": {"x" : -0.6878115, "y" : 0.72227305,  "z" : -0.052405905, "w" : -0.04990548 },
                "rot_e": {"x" : -0.59494835, "y" : 0.8010985,  "z" : 0.052507553, "w" : 0.03899555 },
                "s": { "x": 0.92507004737854, "y": -48.980262756347656, "z": 1.2694287300109863 },
                "c1": { "x": 1.5229699611663818, "y": -44.254371643066406, "z": 0.8880472183227539 },
                "c2": { "x": 0.2895156145095825, "y": -41.223304748535156, "z": 1.7011964321136475 },
                "e": { "x": 4.631401062011719, "y": -41.08287811279297, "z": 1.498155117034912 },
                "time": 3.0
            },
            {
                "rot": {"x" : -0.59494835, "y" : 0.8010985,  "z" : 0.052507553, "w" : 0.03899555 },
                "rot_e": {"x" : -0.5729278, "y" : 0.8182256,  "z" : 0.03894662, "w" : 0.02727072 },
                "s": { "x": 4.631401062011719, "y": -41.08287811279297, "z": 1.498155117034912 },
                "c1": { "x": 5.989564418792725, "y": -41.03894805908203, "z": 1.4346427917480469 },
                "c2": { "x": 5.152288436889648, "y": -32.364654541015625, "z": 1.2937908172607422 },
                "e": { "x": 5.120089530944824, "y": -29.840715408325195, "z": 1.0917015075683594 },
                "time": 3.0
            },
            {
                "rot": {"x" : -0.5729278, "y" : 0.8182256,  "z" : 0.03894662, "w" : 0.02727072 },
                "rot_e": {"x" : -0.5890029, "y" : 0.6288718,  "z" : 0.37043437, "w" : 0.34694985 },
                "s": { "x": 5.120089530944824, "y": -29.840715408325195, "z": 1.0917015075683594 },
                "c1": { "x": 5.087890625, "y": -27.316774368286133, "z": 0.8896121978759766 },
                "c2": { "x": 5.798171520233154, "y": -23.3038330078125, "z": 3.8651933670043945 },
                "e": { "x": 5.76597261428833, "y": -20.779890060424805, "z": 3.6631040573120117 },