{
    "_version": 1,
    "paths": [
        [
            {
                "rot": {"x" : 0.71011347, "y" : -0.70087856, "z" : 0.047165416, "w" : 0.047786884 },
                "rot_e": {"x" : -0.654583, "y" : 0.6557265, "z" : -0.26626202, "w" : -0.2657977 },
                "s": { "x": 9.792497634887695, "y": -9.518194198608398, "z": 1.315774917602539 },
                "c1": { "x": 8.66253662109375, "y": -9.349288940429688, "z": 0.5710504651069641 },
                "c2": { "x": 8.20855712890625, "y": -9.032125473022461, "z": 1.1811808347702026 },
                "e": { "x": 8.00208854675293, "y": -8.356821060180664, "z": 1.1446352005004883 },
                "time": 3.0
            },
            {
                "rot": {"x" : -0.654583, "y" : 0.6557265, "z" : -0.26626202, "w" : -0.2657977 },
                "rot_e": {"x" : 0.4543687, "y" : -0.44224015, "z" : 0.53935057, "w" : 0.55414236 },
                "s": { "x": 8.00208854675293, "y": -8.356821060180664, "z": 1.1446352005004883 },
                "c1": { "x": 7.795620918273926, "y": -7.681517124176025, "z": 1.108089566230774 },
                "c2": { "x": 7.612632751464844, "y": 1.1126809120178223, "z": 1.7162930965423584 },
                "e": { "x": 9.151453971862793, "y": 1.1425318717956543, "z": 1.9713140726089478 },
                "time": 3.0
            },
            {
                "rot": {"x" : 0.4543687, "y" : -0.44224015, "z" : 0.53935057, "w" : 0.55414236 },
                "rot_e": {"x" : 0.41183248, "y" : -0.39458838, "z" : 0.56826603, "w" : 0.59310013 },
                "s": { "x": 9.151453971862793, "y": 1.1425318717956543, "z": 1.9713140726089478 },
                "c1": { "x": 12.769758224487305, "y": 1.212721824645996, "z": 2.5709571838378906 },
                "c2": { "x": 13.83120346069336, "y": 1.611255407333374, "z": 1.9846246242523193 },
                "e": { "x": 16.589916229248047, "y": 1.5495412349700928, "z": 1.7223567962646484 },
                "time": 3.0
            },
            {
                "rot": {"x" : 0.41183248, "y" : -0.39458838, "z" : 0.56826603, "w" : 0.59310013 },
                "rot_e": {"x" : 0.43734968, "y" : -0.39586955, "z" : 0.54187393, "w" : 0.5986528 },
                "s": { "x": 16.589916229248047, "y": 1.5495412349700928, "z": 1.7223567962646484 },
                "c1": { "x": 19.3486328125, "y": 1.4878270626068115, "z": 1.4600887298583984 },
                "c2": { "x": 16.81045913696289, "y": -1.0372607707977295, "z": 3.0209407806396484 },
                "e": { "x": 19.644392013549805, "y": -1.7902708053588867, "z": 1.677605152130127 },
                "time": 3.0
            },
            {
                "rot": {"x" : 0.43734968, "y" : -0.39586955, "z" : 0.54187393, "w" : 0.5986528 },
                "rot_e": {"x" : 0.016205853, "y" : -0.017701084, "z" : 0.73735964, "w" : 0.675074 },
                "s": { "x": 19.644392013549805, "y": -1.7902708053588867, "z": 1.677605152130127 },
                "c1": { "x": 22.47832489013672, "y": -2.543280839920044, "z": 0.3342694044113159 },
                "c2": { "x": 23.955921173095703, "y": -0.18980002403259277, "z": 1.9597439765930176 },
                "e": { "x": 24.433101654052734, "y": -1.0272059440612793, "z": 1.6931893825531006 },
                "time": 3.0
            },
            {
                "rot": {"x" : 0.016205853, "y" : -0.017701084, "z" : 0.73735964, "w" : 0.675074 },
                "rot_e": {"x" : -0.5532288, "y" : 0.8240672, "z" : -0.10117952, "w" : -0.067925796 },
                "s": { "x": 24.433101654052734, "y": -1.0272059440612793, "z": 1.6931893825531006 },
                "c1": { "x": 24.9102783203125, "y": -1.8646118640899658, "z": 1.4266347885131836 },
                "c2": { "x": 23.9741153717041, "y": -10.366621017456055, "z": 3.7007267475128174 },
                "e": { "x": 25.297401428222656, "y": -10.883222579956055, "z": 4.050826072692871 },
                "time": 3.0
            },
            {
                "rot": {"x" : -0.5532288, "y" : 0.8240672, "z" : -0.10117952, "w" : -0.067925796 },
                "rot_e": {"x" : -0.68304974, "y" : 0.7286473, "z" : 0.036595806, "w" : 0.0343057 },
                "s": { "x": 25.297401428222656, "y": -10.883222579956055, "z": 4.050826072692871 },
                "c1": { "x": 26.620689392089844, "y": -11.399826049804688, "z": 4.400925636291504 },
                "c2": { "x": 26.122291564941406, "y": -7.201742649078369, "z": 5.559337615966797 },
                "e": { "x": 26.011173248291016, "y": -3.8032071590423584, "z": 6.448364734649658 },
                "time": 3.0
            },
            {
                "rot": {"x" : -0.68304974, "y" : 0.7286473, "z" : 0.036595806, "w" : 0.0343057 },
                "rot_e": {"x" : 0.5319167, "y" : -0.5227129, "z" : -0.46695277, "w" : -0.4751747 },
                "s": { "x": 26.011173248291016, "y": -3.8032071590423584, "z": 6.448364734649658 },
                "c1": { "x": 25.90005874633789, "y": -0.40467095375061035, "z": 7.3373918533325195 },
                "c2": { "x": 26.532276153564453, "y": 0.7939834594726562, "z": 7.240226745605469 },
                "e": { "x": 25.932491302490234, "y": 1.5766918659210205, "z": 7.0740203857421875 },
                "time": 3.0
            },
            {
                "rot": {"x" : 0.5319167, "y" : -0.5227129, "z" : -0.46695277, "w" : -0.4751747 },
                "rot_e": {"x" : 0.5047787, "y" : -0.50433815, "z" : -0.49518332, "w" : -0.49561584 },
                "s": { "x": 25.932491302490234, "y": 1.5766918659210205, "z": 7.0740203857421875 },
                "c1": { "x": 25.332706451416016, "y": 2.3594002723693848, "z": 6.907814025878906 },
                "c2": { "x": 15.291824340820312, "y": 2.4075703620910645, "z": 6.583992004394531 },
                "e": { "x": 14.543275833129883, "y": 1.834364891052246, "z": 6.917323589324951 },
                "time": 3.0
            },
            {
                "rot": {"x" : 0.5047787, "y" : -0.50433815, "z" : -0.49518332, "w" : -0.49561584 },
                "rot_e": {"x" : -0.13416816, "y" : 0.09160912, "z" : 0.5563953, "w" : 0.81488097 },
                "s": { "x": 14.543275833129883, "y": 1.834364891052246, "z": 6.917323589324951 },
                "c1": { "x": 13.794727325439453, "y": 1.2611594200134277, "z": 7.250655174255371 },
                "c2": { "x": 7.93049430847168, "y": 1.4462149143218994, "z": 7.27806282043457 },
                "e": { "x": 7.252320289611816, "y": 0.7700705528259277, "z": 7.566001892089844 },
                "time": 3.0
            },
            {
                "rot": {"x" : -0.13416816, "y" : 0.09160912, "z" : 0.5563953, "w" : 0.81488097 },
                "rot_e": {"x" : 0.35064027, "y" : -0.45572686, "z" : 0.6484271, "w" : 0.49890542 },
                "s": { "x": 7.252320289611816, "y": 0.7700705528259277, "z": 7.566001892089844 },
                "c1": { "x": 6.574146747589111, "y": 0.09392642974853516, "z": 7.853940963745117 },
                "c2": { "x": 6.203359127044678, "y": -0.5632060170173645, "z": 6.6465229988098145 },
                "e": { "x": 6.542962551116943, "y": -1.4694128036499023, "z": 6.394612789154053 },
                "time": 3.0
            },
            {
                "rot": {"x" : 0.35064027, "y" : -0.45572686, "z" : 0.6484271, "w" : 0.49890542 },
                "rot_e": {"x" : 0.4855837, "y" : -0.17938226, "z" : 0.29648408, "w" : 0.80257565 },
                "s": { "x": 6.542962551116943, "y": -1.4694128036499023, "z": 6.394612789154053 },
                "c1": { "x": 6.882565498352051, "y": -2.375619411468506, "z": 6.142702579498291 },
                "c2": { "x": 8.446809768676758, "y": -1.6636403799057007, "z": 7.394221305847168 },
                "e": { "x": 8.544550895690918, "y": -1.8106070756912231, "z": 6.409920692443848 },
                "time": 3.0
            },
            {
                "rot": {"x" : 0.4855837, "y" : -0.17938226, "z" : 0.29648408,