{
    "_version": 1,
    "paths": [
        [
            {
                "rot": {"x" : 0.5303957, "y" : -0.5104114,  "z" : 0.46934697, "w" : 0.48772353 },
                "rot_e": {"x" : 0.5303957, "y" : -0.5104114,  "z" : 0.46934697, "w" : 0.48772353 },
                "s": {"x" : -15.446389, "y" : -5.5696573,  "z" : 3.4654682 },
                "c1": {"x" : -15.446389, "y" : -5.5696573,  "z" : 3.4654682 },
                "c2": {"x" : -15.446389, "y" : -5.5696573,  "z" : 3.4654682 },
                "e": {"x" : -15.446389, "y" : -5.5696573,  "z" : 3.4654682 },
                "time": 0.01
            },
            {
                "rot": {"x" : 0.15343459, "y" : -0.1477824,  "z" : 0.6777924, "w" : 0.7037157 },
                "rot_e": {"x" : 0.15343459, "y" : -0.1477824,  "z" : 0.6777924, "w" : 0.7037157 },
                "s": {"x" : 16.44676, "y" : 40.946175,  "z" : 2.6799507 },
                "c1": {"x" : 16.44676, "y" : 40.946175,  "z" : 2.6799507 },
                "c2": {"x" : 16.44676, "y" : 40.946175,  "z" : 2.6799507 },
                "e": {"x" : 16.44676, "y" : 40.946175,  "z" : 2.6799507 },
                "time": 0.01
            },
            {
                "rot": {"x" : 0.70769244, "y" : -0.6906083,  "z" : -0.104135826, "w" : -0.10671195 },
                "rot_e": {"x" : 0.70769244, "y" : -0.6906083,  "z" : -0.104135826, "w" : -0.10671195 },
                "s": {"x" : 10.909027, "y" : -4.888495,  "z" : 1.6013746 },
                "c1": {"x" : 10.909027, "y" : -4.888495,  "z" : 1.6013746 },
                "c2": {"x" : 10.909027, "y" : -4.888495,  "z" : 1.6013746 },
                "e": {"x" : 10.909027, "y" : -4.888495,  "z" : 1.6013746 },
                "time": 0.01
            },
            {
                "rot": {"x" : -0.6977732, "y" : 0.7069671,  "z" : 0.082110755, "w" : 0.08104293 },
                "rot_e": {"x" : -0.6977732, "y" : 0.7069671,  "z" : 0.082110755, "w" : 0.08104293 },
                "s": {"x" : 5.1226826, "y" : -33.067425,  "z" : 2.7237744 },
                "c1": {"x" : 5.1226826, "y" : -33.067425,  "z" : 2.7237744 },
                "c2": {"x" : 5.1226826, "y" : -33.067425,  "z" : 2.7237744 },
                "e": {"x" : 5.1226826, "y" : -33.067425,  "z" : 2.7237744 },
                "time": 0.01
            }
        ]
    ]
}
